Category,ID,Name,Tagline,Description,Real-Wrestling DNA (generalized),Continuation Hook (what going deeper looks like),Unique To (blank = generic),Wackiness (1-5)
Standard,standard-supremacy,"Settling It","No angle. No excuse. Just find out who's better tonight","A straightforward contest to establish who the better wrestler is, with no swerve, no revelation, and no grudge attached. Eligible for literally any pairing.","Plain supremacy / number-one-contender framing","The baseline path: it neither builds nor costs momentum and carries no rating modifier either way. Staying on it match after match is a safe, dependable holding pattern rather than a real branch — the deliberate 'no risk, no reward' option.",,0
In-Ring Respect,perf-not-taken-seriously,"The Disrespect Tour","Beat me and you still won't say my name","A technically superior wrestler is sick of being treated like a stepping stone for someone louder.","Underrated-worker-demands-respect arc","Wins pile up but the promo package still buries them, so the next chapter is forcing a title match by refusing to lose to anyone else first.",,1
In-Ring Respect,perf-style-clash,"Wrong Kind of Wrestling","Your way doesn't work against my way","Two contradictory in-ring philosophies (high-flying vs. mat-based, brawler vs. technician) go to war over which style the fans actually want.","Style-versus-style classics","Escalates into a stipulation match built entirely around neutralizing the other's strengths (no rope breaks, no strikes, etc.).",,1
In-Ring Respect,perf-clock-runs-out,"The Iron Man Grudge","Prove it takes more than one fall","A draw or time-limit result leaves both sides certain they actually won, so they keep running it back at greater length each time.","Time-limit draw rematch chains","Match time increases each rematch until it culminates in a full Iron Man match blowoff.",,1
In-Ring Respect,perf-scouting-report,"The Scouting Report Leak","I know your finish. I've always known your finish","A copied moveset or a leaked scouting report becomes a personal insult, and one wrestler starts kicking out of the other's finisher on purpose to humiliate them.","Finisher-kickout heat spikes","The disrespected wrestler starts using the other guy's finisher against him, which is the ultimate insult in wrestling.",,2
In-Ring Respect,perf-real-mvp,"Carry Weight","I've been holding this whole company up and nobody noticed","A dependable hand who never gets billed as the star finally snaps about being the locker room's most reliable undercard act.","Workhorse-demands-a-push storyline","A losing streak against them becomes the storyline itself, since every win chips away at the years of being ignored.",,1
In-Ring Respect,perf-numbers-game,"Advanced Metrics","The stat sheet doesn't lie, and neither do I","One side starts quoting win percentages, match ratings, and attendance bumps to argue they're the real draw, turning wrestling into a spreadsheet fight.","Modern workrate-discourse parody","The feud escalates into stipulations that are literally scored (most near-falls, most signature moves executed, judged decision).",,3
Blood & Family,fam-in-laws-at-war,"Thanksgiving Is Cancelled","We're not fighting as wrestlers anymore. We're fighting as family","Two wrestlers who are related by marriage or blood turn a business dispute into a holiday-ruining family war, dragging relatives into segments.","Hart Foundation-style family entanglements","A cousin, sibling, or in-law wrestler gets pulled into the angle as a surprise partner or turncoat.",,1
Blood & Family,fam-secret-sibling,"The Sibling Nobody Knew About","Same blood. Opposite intentions","A wrestler is revealed to have a long-lost sibling on the roster, instantly great or instantly a monster, but always personal.","Classic surprise-brother reveal","The sibling reveal is initially a mystery arc (hooded figure, mystery attacker) before the unmasking.",,2
Blood & Family,fam-disowned-heir,"The Disowned Heir","Dad built this business. I'm here to burn it down","A legacy wrestler publicly rejects their famous parent's wrestling name and legacy and tries to build an opposite identity, only for the parent's rival to try to recruit them.","Legacy-son rebellion arc","The estranged parent (or their old rival) shows up ringside, forcing a reconciliation-or-betrayal choice.",,2
Blood & Family,fam-guardian-angle,"Protective Custody","Say that again about my partner's family","A wrestler's family member (parent, spouse, kid at ringside) is targeted verbally or physically, and the protective response becomes the entire escalation engine.","Family-at-ringside heat generator","Non-wrestling family member gets written into an in-ring moment (a slap, a save, a betrayal) as the blowoff trigger.",,1
Blood & Family,fam-adoption-swerve,"Blood Isn't Everything","I raised you. That has to count for something","A mentor figure who effectively adopted a young wrestler into the business gets betrayed when their protege sides with an actual blood relative instead.","Manager or mentor as family trope","The mentor and the blood relative both claim ownership of the wrestler's career, forcing a locker-room custody battle.",,2
Blood & Family,fam-wedding-crash,"Objection!","I now pronounce you... interrupted","A wrestling wedding segment gets hijacked mid-vow by a rival, an ex, or an entire faction, and the reception becomes a brawl.","Classic wedding-angle chaos","The crashed wedding creates a new pairing (the jilted partner teams with the crasher) for the next chapter.",,3
Turncoats,betray-best-friend-heel-turn,"Et Tu, Partner","We had one job: watch each other's back","A beloved tag team or stable splits when one half costs the other a title, a match, or a life-changing opportunity, on purpose.","Classic tag-team breakup angle","The betrayed partner refuses a rematch for months, building an entire silent-treatment arc before finally accepting.",,1
Turncoats,betray-double-agent,"The Mole","I was never actually on your side","A locker-room leader or authority figure is revealed to have been secretly sabotaging a wrestler's push the entire time, re-coloring past losses as engineered.","Authority-figure sabotage reveal","Old unlucky losses get retroactively reframed on camera as deliberate, via a highlight package that rewrites history.",,2
Turncoats,betray-fake-injury,"The Sympathy Play","I never even needed the wheelchair","A wrestler fakes a career-threatening injury to lure a good-hearted opponent into letting their guard down, then reveals the con mid-match.","Fake injury heel swerve","The conned wrestler becomes obsessed with proving they would have known and starts over-verifying every future opponent's injuries.",,2
Turncoats,betray-corporate-buyout,"Bought and Sold","My contract has a signature. My loyalty doesn't","A rival promotion (in-fiction) or a corporate sponsor buys out a wrestler's contract loyalty mid-storyline, forcing a teammate to face a friend under new colors.","Invasion-angle contract poaching","The bought-out wrestler starts recruiting more of the roster, escalating into a full faction-vs-faction war.",,2
Turncoats,betray-referee-history,"The Fast Count","The three-count felt like it took one second","A referee is revealed to have history (family, money, an old grudge) with one side of a match, recoloring a screwjob finish as personal instead of incompetent.","Referee-bias screwjob trope","The wronged wrestler demands the referee be banned from future matches, creating an authority-figure sub-plot.",,2
Corporate Conspiracy,corp-gm-abuse,"The Power Trip","I don't need a title. I own the building","An authority figure (GM, commissioner, owner's kid) uses booking power nakedly to protect a favorite and bury a threat, until the roster has had enough.","Evil-authority-figure trope","A locker-room revolt storyline where multiple wrestlers band together specifically to embarrass the authority figure on live TV.",,2
Corporate Conspiracy,corp-screwjob,"The Handshake That Wasn't","We had a deal. Apparently deals are optional here","A promised title change or finish gets altered at the literal last second by someone with backstage pull, and the wronged wrestler spends months trying to get a real ending.","Montreal-style screwjob trope, generalized","The wronged wrestler is only ever satisfied by a rematch with a neutral, bulletproof stipulation (no interference possible).",,2
Corporate Conspiracy,corp-secret-owner,"Silent Partner","The company you work for isn't the company you think it is","A wrestler discovers they've secretly been working for (or against) a hidden financial backer this whole time, recasting their entire push as manufactured.","Hidden-ownership swerve","The reveal cascades, and other wrestlers start wondering who else is secretly the one pulling strings.",,3
Corporate Conspiracy,corp-firing-swerve,"You're Fired (Not Really)","This is the part where I dramatically reappear","A wrestler is fired on television in a dramatic angle, only to resurface under a mask, new gimmick, or rival banner weeks later.","Fired-then-returns-in-disguise trope","The unmasking becomes its own blowoff event, often timed to a big show.",,3
Corporate Conspiracy,corp-lawsuit-kayfabe,"Cease and Desist","My lawyer says I can still punch you though","A wrestler threatens (in-kayfabe) to sue the company, an opponent, or a commentator, turning legal threats into an ongoing comedic-but-personal media war.","Legal-threat worked shoot trope","Depositions and lawyer segments become recurring TV bits until the settlement is a match instead of a check.",,3
Obsession,obsess-secret-admirer,"The Anonymous Gifts","Somebody keeps leaving things in my locker room","Mysterious gifts, notes, or tributes start appearing for a wrestler from an unknown admirer, building dread or comedy before the reveal.","Secret-admirer mystery arc","The admirer's identity is revealed to be someone with a personal history, either a former partner or a total wildcard.",,2
Obsession,obsess-manager-jealousy,"The Manager Who Loved Too Much","I only ever wanted what's best for you (me)","A manager or valet becomes controlling and possessive of their client's career, sabotaging any relationship (romantic or tag-team) that threatens their influence.","Possessive-manager trope","The client eventually has to publicly fire the manager, who does not take it well.",,2
Obsession,obsess-ex-returns,"The One That Got Away","I built a career out of getting over you. Surprise, I didn't","A former real-life-adjacent (in-fiction) romantic partner returns to the roster aligned with a rival, weaponizing old history for heat.","Ex-couple-in-the-business trope","Old receipts (worked photos, old promos) get aired publicly, raising the personal stakes each chapter.",,2
Obsession,obsess-superfan-heel,"Number One Fan","I paid for a ticket. That basically makes us partners","An enhancement-talent-tier wrestler is revealed to be an obsessive superfan of a star, inserting themselves into the star's business uninvited (and unwanted).","Fan-turned-wrestler trope","The superfan's devotion curdles into resentment when the star doesn't reciprocate, flipping them heel.",,3
Legacy,legacy-prove-the-name,"Bigger Shoes to Fill","Everyone loved my father. Nobody's met me yet","A second-generation wrestler is constantly compared to a legendary parent and has to actively fight the comparison instead of leaning on it.","Second-gen pressure arc","The legendary parent finally shows up in person, either to help, to criticize, or to steal the spotlight one more time.",,1
Legacy,legacy-old-rival-returns,"Unfinished Business, Twenty Years Later","Your dad and I never settled this. You'll do","A retired legend's old rival targets the legend's protege or child instead, refusing to let an old feud stay finished.","Passing-the-torch grudge match","The original legend comes out of retirement for one match specifically to settle it themselves instead.",,2
Legacy,legacy-hall-of-fame-insult,"Snubbed","They gave everyone else a plaque and gave me a participation trophy","A veteran is passed over for a Hall of Fame-style honor (or given a lesser one) and turns their bitterness on whoever was honored.","Career-recognition resentment arc","The veteran demands one more marquee match to finish the resume properly.",,1
Legacy,legacy-adopted-name,"Wearing Someone Else's Name","I took this name to honor them. Now I have to defend it","A wrestler adopts a retired legend's nickname or gimmick with blessing, then has to fight off challengers who think they're unworthy of it.","Legacy-nickname-inheritance trope","The original legend has to publicly vouch for (or revoke) the successor's right to the name.",,2
Faction Warfare,faction-hostile-takeover,"The Hostile Takeover","We didn't ask to join. We're just better than you now","An established faction gets infiltrated and effectively taken over from within by an ambitious new member, ousting the founder.","Stable-coup trope","The ousted founder rebuilds a new, smaller faction purely for revenge on their old one.",,2
Faction Warfare,faction-invasion,"The Invasion","This isn't your show anymore. It's ours","A rival promotion's talent (in-fiction) shows up en masse to disrupt shows, cut in on segments, and challenge the house roster's authority over its own turf.","Cross-promotion invasion arc","A war-stipulation show (elimination tag wars, territory matches) becomes the eventual blowoff.",,2
Faction Warfare,faction-splinter-cell,"The Splinter Cell","We agreed on everything except literally everything","A faction fractures over an internal disagreement (who's the leader, who gets the titles) and the fallout match is personal precisely because they used to be family.","Classic stable-breakup trope","Former stablemates keep helping each other out of habit mid-match before catching themselves.",,1
Faction Warfare,faction-cult-recruitment,"Join Us (Please)","We only want you to see things our way","A cult-flavored stable tries to recruit a struggling or directionless wrestler with promises of purpose, brotherhood, and titles.","Wrestling-cult gimmick trope","The recruit's family or friends stage an intervention segment, risking the recruit turning on them instead.",,3
Blood Feuds,hardcore-weapon-escalation,"The Arsenal","We ran out of normal ways to hurt each other three matches ago","A feud escalates strictly through stipulation and weapon inflation, chairs then tables then increasingly absurd hardware.","Escalating hardcore-stipulation trope","Eventually the only stipulation left is a retirement or loser-leaves match because there's nowhere left to escalate.",,2
Blood Feuds,hardcore-blood-oath,"Blood Brothers, Broken","We swore an oath. One of us apparently didn't mean it","A pact (blood oath, handshake deal, tag partnership for life) is broken, and the betrayed party treats it like a sacred violation deserving of maximum violence.","Sacred-pact-broken trope","The wronged wrestler starts fighting dirtier than their usual style specifically because the rules don't apply anymore.",,2
Blood Feuds,hardcore-hospital-visit,"The Visit","I came to see how you were healing. I lied","One wrestler visits their injured rival in support, and the segment turns menacing instead of kind, extending the violence into a non-arena setting.","Hospital-room heel segment trope","The visited wrestler returns early, against doctor's orders, purely for revenge.",,2
Blood Feuds,hardcore-hometown-humiliation,"Not in My Town","You picked the wrong city to disrespect me in","A wrestler is humiliated specifically in their hometown, turning local pride into rocket fuel for the rest of the feud.","Hometown-heat trope","Hometown crowd noise and reaction becomes a recurring stat the storyline references, like loudest reaction of the tour.",,1
Chaos,super-cursed-object,"The Cursed Item","Everyone who's touched this thing has had a very bad month","A prop (an urn, a mask, a title belt, a mysterious box) is treated in-kayfabe as cursed, and bad things keep happening around whoever possesses it.","Undertaker's-urn-style prop mythology","The item gets destroyed dramatically, only for its curse to somehow transfer to whoever destroyed it.",,4
Chaos,super-evil-twin,"The Evil Twin","That wasn't me who did that. Probably","A wrestler is impersonated by a look-alike (twin, clone, mask gimmick) committing acts that damage their reputation, and they have to publicly clear their name.","Evil-twin or doppelganger trope","The twin eventually appears in the same segment as the original, forcing a prove-which-one-is-real match.",,4
Chaos,super-possessed-run,"Not Myself Lately","I don't remember doing that. I remember enjoying it though","A fan-favorite starts acting uncharacteristically vicious, framed in-fiction as being possessed, hexed, or under someone's influence by a mystic-gimmick rival.","Possession or brainwashing gimmick trope","An exorcism segment (a promo, a ritual match, an intervention) is required to snap them out of it.",,4
Chaos,super-kayfabe-death,"Reports of My Death","I heard the rumors too. Mostly they're true","A wrestler is presumed dead or retired after an angle (a fire, an accident, a disappearance) only to make a slow-burn, mystery-shrouded return.","Presumed-dead comeback trope","Their return is staged in stages, via silhouettes and unconfirmed sightings, before the full reveal.",,4
Chaos,super-alien-abduction,"Taken","Nobody believes me about the lights in the sky. I have three witnesses and a torn jacket","A wildly out-there gimmick claims to have been abducted, cursed by a carnival fortune teller, or otherwise touched by the truly unexplainable, and dares anyone to mock it to their face.","Full-camp worked-shoot gimmick energy","Rivals start investigating the claim on camera, which somehow makes it scarier instead of sillier.",,5
Tabloid,scandal-leaked-tape,"The Leaked Tape","Somebody recorded that meeting. Somebody is going to regret it","A private backstage conversation (a real slight, a betrayal, a confession) leaks to the whole roster, turning private heat into a public storyline overnight.","Worked-shoot leaked-footage trope","The wronged party demands to know who leaked it, opening a whole new mystery-suspect storyline.",,2
Tabloid,scandal-tell-all-book,"The Tell-All","I wrote a book. You're chapter four, and it's not flattering","A wrestler publishes a tell-all (in-kayfabe) exposing old locker-room secrets about a rival, reigniting long-cold feuds via bookstore press tour.","Shoot-style book-angle trope","Other wrestlers start demanding to know if they're in the sequel.",,3
Tabloid,scandal-sponsor-pullout,"Brought to You By Nobody","Our sponsor dropped us. Care to guess why","A wrestler's reckless behavior costs the promotion a sponsorship or TV deal, and the locker room turns on them for hurting everyone's paycheck.","Corporate-consequences trope","The wrestler has to publicly make it right with a redemption tour, often including community-relations segments.",,2
Tabloid,scandal-impersonator-podcast,"The Unauthorized Podcast","That was NOT my voice, but sure, blame me","A parody or impersonator account (a podcast, a fake social account, in-fiction) puts words in a wrestler's mouth, and the real wrestler has to publicly disown quotes everyone already believes.","Modern media-parody trope","The real culprit turns out to be someone in the storyline all along, not a random troll.",,3
Underdog,underdog-not-one-of-us,"Not One of Us","You didn't come up the way we did, and it shows","A polished, privileged, or born-lucky wrestler is targeted by a scrappy, self-made rival who resents the head start.","Blue-collar-vs-blueblood trope","The privileged wrestler has to earn it via a stipulation match stripped of any advantages (no manager, no home crowd, etc.).",,1
Underdog,underdog-house-money,"Playing With House Money","Everyone expects me to lose. That's exactly why I won't","A chronic underdog gets a shock opportunity nobody thinks they'll capitalize on, and every near-miss becomes a bigger story than most title reigns.","Cinderella-run trope","Each escalating win forces a bigger name to finally take them seriously, and finally get personal.",,1
Underdog,underdog-hometown-hero,"The Local Legend","They said I'd never make it out of the indies. I made it out with the belt","A regional or indie-coded wrestler is dismissed by the real main-roster stars until they start beating them one by one.","Indie-darling-proves-doubters trope","A doubter-turned-believer eventually vouches for them publicly, which upsets the doubter's own old circle.",,1
Underdog,underdog-replacement,"The Replacement","I was only supposed to be a substitute. Whoops","A last-minute injury replacement overperforms so dramatically that the original wrestler comes back specifically to reclaim their spot, resentful of the fill-in's success.","Injury-replacement-overperforms trope","The healed original refuses to simply return to their old spot and demands the replacement prove it wasn't a fluke.",,2
Chaos,absurd-mascot-beef,"Beef With the Mascot","The guy in the foam costume started it","A wrestler develops a legitimately furious, escalating feud with the arena mascot or a promotional costume character, treated with total sincerity.","Comedy-gimmick-feud trope","The mascot is eventually revealed to be a wrestler in disguise the whole time.",,5
Chaos,absurd-cooking-show,"Recipe for Disaster","I challenged him to a cook-off. He brought a steel chair instead of a whisk","A backstage segment built around an oddly specific hobby (cooking, karaoke, a talent show) spirals into a full wrestling angle because somebody couldn't let a joke go.","Backstage-skit-escalates-to-angle trope","The hobby becomes a recurring stipulation gimmick, like a match with a cooking-themed obstacle or a karaoke contract signing.",,4
Chaos,absurd-motivational-speaker,"The Life Coach","I hired a consultant. He's now demanding 20% of my future title reigns","A wrestler hires an over-the-top motivational speaker or life coach who inserts themselves into segments, giving terrible advice with total confidence.","Manager-as-comic-relief trope","The life coach eventually coaches a rival instead, out of pure opportunism.",,4
Chaos,absurd-lookalike-contest,"The Lookalike Contest","Local news held a contest. I did not enter it and I did not appreciate winning","A wrestler is horrified to discover a fan-run lookalike contest crowned somebody they consider deeply unflattering as their twin, and demands a retraction on television.","Pure comedic-ego trope","The winning lookalike gets pulled into the segment and, against all odds, turns out to have decent mic skills.",,4
Chaos,absurd-time-travel-bit,"The Guy Who Says He's From the Future","I've seen how this match ends. It ends badly for you","A gimmick claims, with a straight face, to be a time traveler, from a parallel promotion, or a future version of a current star, and refuses to break character no matter how absurd it gets.","Full-kayfabe absurdist gimmick trope","Predictions start eerily half-coming-true, making the joke scarier instead of sillier.",,5
Redemption,redemption-one-more-match,"One Last Match","I told everyone I was done. I lied a little","A retired or done wrestler is goaded out of retirement for a single specific piece of unfinished business, insisting publicly this is truly the last time.","One-more-match comeback trope","They win, then immediately have to decide, on camera, whether one last match was a lie after all.",,1
Redemption,redemption-career-threatening-stip,"Loser Leaves Everything","If I lose this, there's nothing left to lose next time","A high-stakes stipulation (loser retires, loses their name, leaves the company) turns a normal build into a legitimately existential storyline.","Career-ending-stipulation trope","The loser's final segment becomes a locker-room-wide send-off, recontextualizing every rival relationship they've had.",,2
Redemption,redemption-second-chance,"Second Chance, No Refunds","Everybody deserves one comeback. This is mine","A wrestler who flamed out early in their run (bad decisions, injuries, personal problems) gets a reluctantly-granted second opportunity and has to win the locker room back before winning any titles.","Redemption-arc trope","A veteran who was burned by the wrestler's first run has to be the one to publicly vouch for the second chance.",,2
Redemption,redemption-fake-retirement-swerve,"The Fake-Out Retirement","That speech was beautiful. It was also a complete lie","An emotional retirement-speech segment is revealed shortly after to be a con, a way to lower a rival's guard or dodge a contractual obligation.","Fake-retirement-swerve trope","The wrestler who was fooled becomes obsessed with never trusting a goodbye segment again, changing how they react to future emotional beats.",,3
Wrestler-Specific,ws-undertaker-kane-brothers,"Brothers in the Dark","Blood before the business, business before the blood","The Undertaker and Kane's supernatural sibling rivalry: betrayal, uneasy alliance, and betrayal again, forever.","Undertaker/Kane brother mythology","Alliance and betrayal alternate every few chapters; neither side is ever fully done with the other.",undertaker,3
Wrestler-Specific,ws-undertaker-streak-hunter,"The Streak Hunter","Somebody always wants to be the one who finally does it","A rival becomes fixated specifically on ending the Deadman's dominance at the promotion's biggest annual show, treating it as a career-defining obsession.","WrestleMania-streak mythology","Each failed attempt makes the next challenger's obsession more personal and more desperate.",undertaker,2
Wrestler-Specific,ws-hbk-showstopper-ego,"Mr. WrestleMania's Understudy","Everyone wants to be the guy who steals the show. There's only one guy who actually does it","Shawn Michaels' showman ego collides with a hungry newcomer who thinks they should be the new showstopper.","Shawn Michaels showman mythology","The newcomer starts copying his signature spots and poses, which Michaels finds insulting on a deeply personal level.",shawn-michaels,2
Wrestler-Specific,ws-bret-hart-excellence,"The Best There Is","Excellence of execution, no exceptions","Bret Hart's obsessive perfectionism about doing it the right way clashes hard with a flashier rival who wins ugly but wins often.","Bret Hart technical-purist mythology","The feud becomes a referendum on whether the right way or the winning way actually draws more money.",bret-hart,1
Wrestler-Specific,ws-hogan-hero-fatigue,"Say Your Prayers, Again","The hero routine only works if the crowd still believes it","Hulk Hogan's aging real-American-hero act is publicly mocked as outdated by a younger star, forcing a referendum on whether the old formula still works.","Hulkamania-fatigue-and-reinvention mythology","Hogan has to decide whether to double down on the hero act or finally, dramatically turn.",hulk-hogan,2
Wrestler-Specific,ws-flair-stylin-legacy,"Sixteen Times Isn't Enough","Wooooo is a promise, not just a sound","Ric Flair's title-chasing mythology (the robes, the jet, the claim to be the greatest ever) gets directly challenged by someone trying to literally out-Flair Flair.","Ric Flair legacy-chase mythology","The challenger starts wearing robes and doing the strut, forcing Flair into a fight over who owns the persona.",ric-flair,2
Wrestler-Specific,ws-foley-hardcore-gauntlet,"How Much Can One Man Take","I've been through worse. I've been through so much worse","Mick Foley's willingness to sacrifice his body for the business becomes the storyline itself, as rivals keep raising the violence bar specifically to see where his limit actually is.","Mankind/Foley hardcore-limits mythology","Concerned friends start staging on-screen interventions trying to get him to stop taking the bumps.",mankind,3
Wrestler-Specific,ws-austin-authority-hatred,"3:16 Says I Whooped Your Authority","I don't answer to you. I never will","Steve Austin's default hatred of anyone with a badge, a title, or a corner office turns any authority figure into an automatic target, regardless of alignment.","Stone Cold anti-authority mythology","Every time the authority figure tries to be reasonable, Austin escalates anyway, because reasonable was never the point.",steve-austin,2
Wrestler-Specific,ws-sting-mystery-descent,"The Man in the Shadows","He used to wave at children. Now he just watches","Sting's descent from sunny fan-favorite into a brooding, isolated, shadow-dwelling figure who says almost nothing and appears almost anywhere.","Crow-era Sting mythology","Long silent vignettes build dread before a single cryptic action (a baseball bat, a rope entrance) triggers the next chapter.",sting,3
Wrestler-Specific,ws-eddie-rey-family,"Lie, Cheat, Steal (From Family)","Eddie always said he'd do anything to win. He didn't mean it about family","Eddie Guerrero and Rey Mysterio's friendship gets weaponized by a custody-style storyline over who Rey really belongs with in the business.","Eddie/Rey adoption-custody mythology","A courtroom-style in-kayfabe segment (contracts, custody stipulations) becomes the blowoff match's stipulation.",eddie-guerrero,2
Wrestler-Specific,ws-angle-true-patriot,"It's True, It's True (Unfortunately)","I have a gold medal. You have nothing. This is a fact, not an opinion","Kurt Angle's insufferable Olympic-hero confidence collides with a rival who resents being lectured about real athletic legitimacy.","Kurt Angle Olympic-ego mythology","Angle starts training the rival unsolicited, which is somehow more insulting than an insult would have been.",kurt-angle,3
Wrestler-Specific,ws-rock-catchphrase-war,"The People vs. The People's Champion","Finally, the rival has come back... to also say catchphrases","The Rock's larger-than-life mic-work mythology gets challenged by someone trying to out-charisma him at his own game, catchphrase for catchphrase.","The Rock mic-supremacy mythology","The rival starts finishing The Rock's own catchphrases before he can, which becomes a whole segment format.",the-rock,3
Wrestler-Specific,ws-triple-h-boardroom,"The Boardroom Is Also a Battlefield","I don't need to win the match. I own the building you're standing in","Triple H's blueblood, backstage-power mythology means every feud with him risks becoming a fight against the entire company's machinery, not just one man.","Authority-figure-as-wrestler mythology","The rival has to find a way to win that can't just be overturned by a memo the next morning.",triple-h,2
Wrestler-Specific,ws-goldberg-streak-fear,"Who's Next (Nobody, Ideally)","The streak isn't a number. It's a warning label","Goldberg's dominant, squash-heavy mythology means most rivals are terrified before the bell even rings, so the storyline is about someone finally not being scared.","Goldberg undefeated-streak mythology","A rival spends the whole build just trying to survive the full match length once, before ever trying to win it.",goldberg,1
Wrestler-Specific,ws-jericho-first-ever,"The Best in the World at What I Do","Somebody always wants my old nickname. It's still mine","Chris Jericho's claim to being the founding first-ever of everything in the business gets challenged, forcing him to defend his own legend, receipts and all.","Chris Jericho self-mythologizing mythology","He produces increasingly elaborate proof segments (clip packages, historical documents, guest witnesses) to defend his claim.",chris-jericho,3
Wrestler-Specific,ws-punk-best-in-world,"Actually the Best in the World","Say it with me: I told you so","CM Punk's insufferable-but-correct best-in-the-world mythology collides with a locker room that resents how often he turns out to be right.","CM Punk pipe-bomb mythology","He starts publicly keeping score of predictions he's made about the promotion, which nobody asked for and everybody remembers.",cm-punk,2
Wrestler-Specific,ws-bryan-yes-movement,"The Chants Won't Stop","They told me I don't look like a champion. The chants disagreed","Daniel Bryan's underdog Yes-Movement mythology means every authority figure who dismisses him accidentally makes him more popular.","Daniel Bryan underdog-movement mythology","An authority figure's attempt to bury him becomes the exact moment the crowd chant gets louder, forcing a reversal.",daniel-bryan,1
Wrestler-Specific,ws-shield-unity-test,"One for All, Until It Isn't","We said we'd never break up. We were extremely wrong about that","Roman Reigns, Seth Rollins, and Dean Ambrose's unbreakable-trio mythology means any crack in their unity is treated as a seismic, inevitable betrayal event.","Shield faction-unity mythology","Two members quietly start covering for each other against the third before anyone admits the group is actually splitting.",roman-reigns,3
Arrival,arrival-calling-out-locker-room,"Open Challenge to Everybody","New in town, and already sick of waiting in line","The newest signing skips the pleasantries and calls out the entire roster in their first few weeks, daring anyone with a problem to say it to their face.","New-guy-calls-out-the-locker-room trope","Escalates into an open-challenge segment where multiple wrestlers answer at once, forcing the rookie to back up the talk.",,2
Arrival,arrival-league-is-a-joke,"This League Is a Joke","I have seen better competition at the county fair","A new arrival spends their first weeks publicly trashing the promotion itself, the history, the champions, the audience, daring the company to prove them wrong.","Outsider-trashes-the-promotion trope","A respected veteran finally accepts the bait personally, turning a general insult into a specific grudge.",,2
Arrival,arrival-prove-it-veteran,"Prove It to Me","Somebody who has actually been here needs to shut this rookie up","A brand-new face gets targeted by an established veteran who has zero patience for an unproven newcomer talking a big game.","Veteran-tests-the-rookie trope","A close, competitive loss earns the rookie grudging respect instead of dismissal, flipping the dynamic.",,1
Arrival,arrival-scandalous-secret,"The Secret That Followed Them Here","New name, same scandal","Whispers follow the new signee from their last stop, a messy breakup, a betrayed friend, a reputation they were hoping nobody here had heard about yet. Somebody heard.","Reputation-follows-the-newcomer trope","The rumor's source is revealed to be someone with their own reason to want the new signee discredited.",,3
Arrival,arrival-getting-too-comfortable,"Getting Too Comfortable","The new hire is suddenly very close with somebody else's partner","The newest signing wastes no time getting friendly, a little too friendly, with someone who is very much already spoken for, on camera, on purpose.","Home-wrecker heat trope","The spoken-for partner has to publicly choose a side, turning a triangle into a tag match.",,3
Comeback,comeback-injury-return,"Back Against Doctor's Orders","They said I would never wrestle again. They were rude about it too","A wrestler returns from a long absence citing injury, immediately picking a fight with whoever they think wrote them off while they were gone.","Injury-comeback trope","A doctor or trainer character keeps publicly warning them to stop, which the crowd reads as a countdown to the next big spot.",,1
Comeback,comeback-mysterious-absence,"Where Have You Been?","Nobody asked, and they are going to explain anyway","A returning wrestler refuses to say exactly where they have been, and the vague, contradictory answers become their own storyline.","Unexplained-absence mystery trope","Each retelling of the story contradicts the last one, until a rival forces a real answer on camera.",,3
Comeback,comeback-settling-old-scores,"I Kept a List","Absence made the grudges grow stronger","A long-absent wrestler returns with a very specific, very personal list of people who did them wrong before they disappeared, and starts working through it.","Returning-wrestler grudge-list trope","Names get crossed off the list on-screen after each win, building toward whoever is left at the top of it.",,2
Comeback,comeback-legal-trouble,"Time Served","Whatever they say happened, this version is funnier","A wrestler returns from a long, vaguely-explained absence with a colorful story about exactly why they were away: legal trouble, a bar bet gone wrong, a warrant that is probably expired by now. Nobody fully believes it, and that is the fun of it.","Tall-tale-comeback trope, played for comedy","A supposed former associate from the story shows up to dispute the wrestler's version of events, publicly.",,3